{"trainer/global_step":7799,"train/loss_hint_epoch":0.0026763274800032377,"train/cls_loss_step":1.566515564918518,"_runtime":41165,"_wandb":{"runtime":41165},"train/cls_loss_epoch":1.6050186157226562,"val_minADE1":3.0324506759643555,"train/others_reg_loss_epoch":0.7416892647743225,"_timestamp":1.753568020200897e+09,"val/reg_loss":0.6057285666465759,"val_minFDE1":7.80012321472168,"val_minFDE6":3.4683563709259033,"val_brier-minFDE6":4.082943439483643,"lr-AdamW/pg2":2.539791800302582e-06,"_step":366,"val/hint_loss":0.0025586052797734737,"lr-AdamW/pg1":2.539791800302582e-06,"train/total_loss_epoch":2.9861934185028076,"train/loss_epoch":2.9588072299957275,"train/others_reg_loss_step":0.7758265137672424,"hint_stage/loss_hint_epoch":0.002688667504116893,"epoch":49,"train/loss_hint_step":0.0026697979774326086,"train/total_loss_step":2.894723653793335,"val_minADE6":1.4736930131912231,"train/reg_loss_step":0.5253123641014099,"train/loss_step":2.867654323577881,"hint_stage/loss_hint_step":0.0028030716348439455,"val_MR":0.45673078298568726,"train/reg_loss_epoch":0.6120991110801697}