{"lr-AdamW/pg2":2.5447270110570814e-05,"hint_stage/loss_hint_epoch":0.002688667504116893,"train/loss_epoch":3.441607713699341,"train/loss_step":3.331149101257324,"train/others_reg_loss_epoch":0.856938362121582,"train/total_loss_step":3.356192111968994,"_runtime":13898,"_step":182,"val/hint_loss":0.002631239127367735,"val_minADE6":2.1899943351745605,"train/total_loss_epoch":3.466364622116089,"train/cls_loss_epoch":1.626953363418579,"train/others_reg_loss_step":0.8314316868782043,"train/reg_loss_epoch":0.9577162265777588,"val/reg_loss":0.9695670008659363,"train/cls_loss_step":1.6583861112594604,"train/reg_loss_step":0.841331422328949,"lr-AdamW/pg1":2.5447270110570814e-05,"val_minFDE1":9.661956787109375,"train/loss_hint_epoch":0.002740801777690649,"hint_stage/loss_hint_step":0.0028030716348439455,"val_MR":0.5689102411270142,"_timestamp":1.753492624912519e+09,"val_minFDE6":5.0543670654296875,"epoch":19,"val_minADE1":3.8346033096313477,"trainer/global_step":3119,"_wandb":{"runtime":13898},"train/loss_hint_step":0.002520377980545163,"val_brier-minFDE6":5.680628299713135}