{"lr-AdamW/pg2":0.0006000000000000001,"train/others_reg_loss_step":4.552063941955566,"lr-AdamW/pg1":0.0006000000000000001,"train/total_loss_epoch":10.904589653015137,"train/loss_step":10.534706115722656,"val_minFDE6":21.673677444458008,"val_minADE1":12.130549430847168,"train/reg_loss_epoch":6.164340019226074,"epoch":4,"val_MR":0.9352678656578064,"_wandb":{"runtime":1616},"val/reg_loss":5.670902252197266,"_step":18,"val_brier-minFDE6":21.973857879638672,"_timestamp":1.7532970551818979e+09,"_runtime":1616,"train/loss_epoch":10.904589653015137,"trainer/global_step":155,"train/reg_loss_step":5.144314765930176,"train/cls_loss_epoch":0.9115862250328064,"train/cls_loss_step":0.8383269309997559,"val_minADE6":11.217751502990723,"val_minFDE1":23.715578079223633,"train/total_loss_step":10.534706115722656,"train/others_reg_loss_epoch":3.8286643028259277}