{"train/others_reg_loss_step":1.7537919282913208,"val_minADE1":4.220239639282227,"train/reg_loss_step":1.1822229623794556,"val_minADE6":2.222738027572632,"lr-AdamW/pg2":1.9856491500783564e-06,"_timestamp":1.753327999052381e+09,"val_minFDE6":4.880784034729004,"train/loss_hint_epoch":0.000727298145648092,"val/reg_loss":0.9887179732322693,"train/cls_loss_epoch":1.6270922422409058,"train/reg_loss_epoch":1.174662470817566,"_wandb":{"runtime":15486},"lr-AdamW/pg1":1.9856491500783564e-06,"train/loss_epoch":4.418928146362305,"val_MR":0.6510416865348816,"_step":197,"train/loss_hint_step":0.0006920536980032921,"train/total_loss_step":4.566073417663574,"trainer/global_step":899,"train/others_reg_loss_epoch":1.6171727180480957,"train/cls_loss_step":1.629378318786621,"val_brier-minFDE6":5.524013519287109,"train/loss_step":4.565392971038818,"epoch":59,"_runtime":15486,"val_minFDE1":10.011602401733398,"train/total_loss_epoch":4.419642448425293}