{"train/cls_loss_epoch":1.7574838399887085,"train/cls_loss_step":1.753514051437378,"epoch":11,"hint_stage/loss_hint_step":0.006521034520119429,"_step":120,"_runtime":4941,"train/loss_step":4.487978935241699,"train/reg_loss_epoch":1.0709978342056274,"trainer/global_step":1871,"train/kd_loss_epoch":0.17580561339855194,"lr-AdamW/pg2":0.0005005000000000001,"lr-AdamW/pg1":0.0005005000000000001,"hint_stage/loss_hint_epoch":0.00651168217882514,"val/hint_loss":0.007272080518305302,"train/loss_epoch":4.281714916229248,"train/others_reg_loss_step":1.663716197013855,"val/reg_loss":1.141984462738037,"train/kd_loss_step":0.2343480885028839,"val_minFDE1":10.143555641174316,"train/total_loss_step":4.330543041229248,"val_minADE1":4.404989242553711,"val_MR":0.6362179517745972,"train/total_loss_epoch":4.131165027618408,"val_brier-minFDE6":6.028437614440918,"_wandb":{"runtime":4941},"train/others_reg_loss_epoch":1.4532331228256226,"val_minFDE6":5.349550724029541,"train/reg_loss_step":1.0707486867904663,"val_minADE6":2.5401012897491455,"_timestamp":1.754230258660844e+09}