{"lr-AdamW/pg2":0.0001,"_wandb":{"runtime":1783},"val_minADE1":19.5463809967041,"val_minFDE6":38.09208297729492,"val/hint_loss":0.006644103210419416,"val/reg_loss":9.997787475585938,"_step":61,"hint_stage/loss_hint_epoch":0.006696940399706364,"val_brier-minFDE6":38.782711029052734,"val_minADE6":19.527616500854492,"trainer/global_step":0,"hint_stage/loss_hint_step":0.006766499951481819,"lr-AdamW/pg1":0.0001,"_runtime":1783,"val_MR":0.9655448794364929,"epoch":9,"val_minFDE1":38.13083267211914,"_timestamp":1.754420284926629e+09}