{"train/loss_step":3.941345691680908,"epoch":19,"val/reg_loss":0.9590523838996887,"train/others_reg_loss_step":1.297289490699768,"lr-AdamW/pg2":2.5447270110570814e-05,"_wandb":{"runtime":10283},"_timestamp":1.754448814059752e+09,"train/reg_loss_epoch":0.9389567375183105,"train/kd_loss_epoch":0.004009576980024576,"val/hint_loss":0.0063177007250487804,"val_minADE6":2.166733980178833,"hint_stage/loss_hint_epoch":0.006455440539866686,"train/hint_loss_epoch":0.0064005437307059765,"train/cls_loss_epoch":1.7839691638946533,"train/cls_loss_step":1.7870841026306152,"train/hint_loss_step":0.0063400850631296635,"train/total_loss_epoch":1.9567705392837524,"val_brier-minFDE6":5.7243828773498535,"val_minADE1":3.86299729347229,"train/loss_epoch":3.8989360332489014,"train/total_loss_step":1.9779534339904785,"val_minFDE6":5.032011985778809,"hint_stage/loss_hint_step":0.006482351571321487,"val_MR":0.5564903616905212,"_step":182,"trainer/global_step":3119,"_runtime":10283,"lr-AdamW/pg1":2.5447270110570814e-05,"train/reg_loss_step":0.8566551208496094,"train/others_reg_loss_epoch":1.1756902933120728,"val_minFDE1":9.721611976623535,"train/kd_loss_step":0.003975897096097469}