{"train/loss_hint_epoch":0.0028866950888186693,"train/others_reg_loss_epoch":1.4934405088424683,"val_minFDE6":5.176035404205322,"_wandb":{"runtime":7435},"val/reg_loss":1.1626982688903809,"train/cls_loss_epoch":1.7360714673995972,"lr-AdamW/pg1":0.0009843072889837512,"train/loss_hint_step":0.0029147472232580185,"train/reg_loss_epoch":1.076503872871399,"train/reg_loss_step":1.2264586687088013,"val_minFDE1":12.313700675964355,"val_minADE1":5.827340126037598,"train/loss_epoch":4.3060150146484375,"trainer/global_step":2184,"train/cls_loss_step":1.7350273132324219,"train/total_loss_epoch":4.327470302581787,"_runtime":7435,"val_brier-minFDE6":5.816877365112305,"val_MR":0.6033653616905212,"val_minADE6":2.5687038898468018,"lr-AdamW/pg2":0.0009843072889837512,"epoch":13,"train/others_reg_loss_step":1.2636972665786743,"_step":85,"val/hint_loss":0.0029285463970154524,"_timestamp":1.753470893825922e+09,"train/total_loss_step":4.2462310791015625,"train/loss_step":4.225183010101318}