{"val/hint_loss":0.0014387242263182998,"lr-AdamW/pg2":1.9856491500783564e-06,"lr-AdamW/pg1":1.9856491500783564e-06,"val_minADE6":2.073479652404785,"val_minFDE6":4.888362407684326,"train/cls_loss_epoch":1.6216119527816772,"train/loss_epoch":3.3102095127105713,"train/others_reg_loss_step":0.7778291702270508,"val_minFDE1":9.087981224060059,"train/reg_loss_epoch":0.9168193340301514,"_timestamp":1.753456791593636e+09,"val/reg_loss":0.9137705564498901,"train/loss_step":3.2155442237854004,"train/others_reg_loss_epoch":0.7717783451080322,"train/total_loss_step":3.240978479385376,"val_minADE1":3.6267144680023193,"train/cls_loss_step":1.6089897155761719,"_runtime":18406,"_step":366,"train/total_loss_epoch":3.3360674381256104,"train/reg_loss_step":0.8287253975868225,"_wandb":{"runtime":18406},"val_MR":0.5376602411270142,"epoch":59,"val_brier-minFDE6":5.50714635848999,"train/loss_hint_step":0.001471774303354323,"train/loss_hint_epoch":0.001430235686711967,"trainer/global_step":9359}