{"train/others_reg_loss_step":3.920588970184326,"train/total_loss_step":8.065793991088867,"train/reg_loss_epoch":2.4959845542907715,"val_MR":0.8151041865348816,"train/loss_epoch":7.683302402496338,"val_minFDE6":9.937006950378418,"trainer/global_step":149,"train/reg_loss_step":2.8887217044830322,"val_minFDE1":17.472244262695312,"epoch":9,"lr-AdamW/pg1":3.902217351061228e-05,"_timestamp":1.753294975022277e+09,"train/loss_step":8.065793991088867,"val_minADE6":4.8770222663879395,"val/reg_loss":2.3793938159942627,"train/cls_loss_step":1.256483793258667,"train/total_loss_epoch":7.683302402496338,"train/cls_loss_epoch":1.3859082460403442,"train/others_reg_loss_epoch":3.8014097213745117,"val_minADE1":8.65590763092041,"lr-AdamW/pg2":3.902217351061228e-05,"_runtime":1379,"_wandb":{"runtime":1379},"val_brier-minFDE6":10.432890892028809,"_step":32}