{"_timestamp":1.754239796975971e+09,"val_minFDE6":5.168205261230469,"train/cls_loss_epoch":1.754697322845459,"train/total_loss_step":4.4446892738342285,"val/hint_loss":0.0063266027718782425,"val/reg_loss":1.0220122337341309,"train/kd_loss_step":0.3183155655860901,"train/others_reg_loss_step":1.6307722330093384,"val_minADE6":2.284642457962036,"train/loss_step":4.624096870422363,"val_brier-minFDE6":5.84923791885376,"val_MR":0.5921474099159241,"train/kd_loss_epoch":0.19577452540397644,"epoch":11,"train/total_loss_epoch":4.046502590179443,"lr-AdamW/pg2":0.0005005000000000001,"train/reg_loss_step":1.1751437187194824,"train/cls_loss_step":1.7946851253509521,"train/loss_epoch":4.213925838470459,"_runtime":6993,"hint_stage/loss_hint_epoch":0.00651168217882514,"_step":120,"hint_stage/loss_hint_step":0.006521034520119429,"train/hint_loss_epoch":0.006415595766156912,"train/hint_loss_step":0.00641251215711236,"trainer/global_step":1871,"_wandb":{"runtime":6993},"lr-AdamW/pg1":0.0005005000000000001,"train/others_reg_loss_epoch":1.3805822134017944,"val_minFDE1":10.315511703491211,"val_minADE1":4.136594772338867,"train/reg_loss_epoch":1.0575066804885864}