{"val_brier-minFDE6":37.531837463378906,"train/loss_hint_epoch":0.0055258315987885,"val_minFDE6":36.826263427734375,"train/reg_loss_epoch":9.93414306640625,"train/others_reg_loss_epoch":3.9173219203948975,"_wandb":{"runtime":147},"_step":3,"val_MR":0.9427083134651184,"_timestamp":1.7533112759268742e+09,"val_minADE6":18.979902267456055,"lr-AdamW/pg2":0.0002,"epoch":0,"val/reg_loss":9.653664588928223,"train/cls_loss_epoch":1.6681243181228638,"train/total_loss_epoch":15.5195894241333,"train/loss_epoch":15.5195894241333,"_runtime":147,"val_minADE1":18.981027603149414,"trainer/global_step":15,"val_minFDE1":36.85075378417969,"lr-AdamW/pg1":0.0002}