{"val_brier-minFDE6":37.4456672668457,"train/loss_epoch":15.563568115234375,"train/total_loss_epoch":15.563568115234375,"val_minADE6":19.104677200317383,"lr-AdamW/pg1":0.0002,"_runtime":304,"lr-AdamW/pg2":0.0002,"_step":3,"train/reg_loss_epoch":9.967551231384277,"train/others_reg_loss_epoch":3.9038424491882324,"trainer/global_step":31,"val_minFDE6":36.81036376953125,"_timestamp":1.753298091243169e+09,"val_MR":0.9419642686843872,"val_minFDE1":36.81624221801758,"_wandb":{"runtime":304},"epoch":0,"val/reg_loss":9.730566024780273,"val_minADE1":19.106029510498047,"train/cls_loss_epoch":1.6921762228012085}