{"val_minADE1":3.81730055809021,"hint_stage/loss_hint_step":0.0067569538950920105,"train/cls_loss_step":1.644505500793457,"train/reg_loss_step":0.8082386255264282,"_timestamp":1.754171641912808e+09,"trainer/global_step":3119,"val/hint_loss":0.006325100548565388,"lr-AdamW/pg2":2.5447270110570814e-05,"val_minADE6":2.192516326904297,"_step":182,"train/loss_hint_epoch":0.006411619018763304,"hint_stage/loss_hint_epoch":0.006710844114422798,"_wandb":{"runtime":8912},"val_minFDE1":9.546510696411133,"train/loss_hint_step":0.006330128759145737,"train/reg_loss_epoch":0.9500537514686584,"_runtime":8912,"train/others_reg_loss_epoch":1.1841286420822144,"val_brier-minFDE6":5.709014415740967,"val/reg_loss":0.9750856161117554,"epoch":19,"val_MR":0.5793269276618958,"train/loss_step":3.734023094177246,"train/others_reg_loss_step":1.28127920627594,"train/cls_loss_epoch":1.624237060546875,"val_minFDE6":5.085073471069336,"train/loss_epoch":3.758418560028076,"train/total_loss_epoch":3.758418560028076,"lr-AdamW/pg1":2.5447270110570814e-05,"train/total_loss_step":3.734023094177246}