{"val_minFDE1":11.881953239440918,"lr-AdamW/pg2":0.0005,"train/loss_step":5.645815849304199,"val_minADE1":5.305698871612549,"lr-AdamW/pg1":0.0005,"epoch":4,"train/others_reg_loss_step":2.515723943710327,"val_minFDE6":5.5212082862854,"train/loss_epoch":6.120955467224121,"train/others_reg_loss_epoch":2.972486734390259,"train/reg_loss_step":1.3895103931427002,"train/cls_loss_step":1.7405812740325928,"_runtime":1027,"_step":29,"val_MR":0.6774839758872986,"_timestamp":1.754063282842325e+09,"train/cls_loss_epoch":1.78018057346344,"_wandb":{"runtime":1027},"trainer/global_step":779,"val_minADE6":2.6974093914031982,"val_brier-minFDE6":6.195241928100586,"val/reg_loss":1.24960458278656,"train/reg_loss_epoch":1.368287444114685}