{"lr-AdamW/pg1":2.5447270110570814e-05,"train/others_reg_loss_step":1.2010084390640259,"val_minADE1":3.8592755794525146,"_timestamp":1.754067824579885e+09,"train/cls_loss_step":1.7495945692062378,"trainer/global_step":3119,"train/cls_loss_epoch":1.658191442489624,"train/others_reg_loss_epoch":1.2181402444839478,"train/loss_step":4.152456283569336,"val_minFDE6":5.083299160003662,"lr-AdamW/pg2":2.5447270110570814e-05,"val_minFDE1":9.709964752197266,"val_brier-minFDE6":5.722255706787109,"train/loss_epoch":3.8487915992736816,"_wandb":{"runtime":4189},"_step":121,"train/reg_loss_epoch":0.9724599123001099,"val_MR":0.5745192170143127,"val/reg_loss":0.978371262550354,"train/reg_loss_step":1.2018533945083618,"val_minADE6":2.1994285583496094,"_runtime":4189,"epoch":19}