{"_wandb":{"runtime":10980},"_runtime":10980,"val_minFDE1":9.651728630065918,"train/loss_step":3.9253368377685547,"train/kd_loss_epoch":0.33216607570648193,"val/hint_loss":0.006319916341453791,"train/reg_loss_step":0.8453657627105713,"train/reg_loss_epoch":0.9473251700401306,"train/others_reg_loss_epoch":1.1957874298095703,"train/loss_epoch":3.8961145877838135,"val_minADE6":2.1710197925567627,"trainer/global_step":3119,"train/hint_loss_step":0.0063408357091248035,"train/cls_loss_epoch":1.7281817197799683,"train/total_loss_epoch":3.8070173263549805,"hint_stage/loss_hint_step":0.006482351571321487,"lr-AdamW/pg1":2.5447270110570814e-05,"lr-AdamW/pg2":2.5447270110570814e-05,"val_brier-minFDE6":5.710832118988037,"epoch":19,"train/kd_loss_step":0.3441393971443176,"hint_stage/loss_hint_epoch":0.006455440539866686,"train/hint_loss_epoch":0.006402915809303522,"train/total_loss_step":3.8358070850372314,"_step":182,"val_MR":0.5713140964508057,"train/others_reg_loss_step":1.3179094791412354,"train/cls_loss_step":1.7376084327697754,"_timestamp":1.754250892157391e+09,"val_minFDE6":5.036994457244873,"val/reg_loss":0.9640824794769287,"val_minADE1":3.8178985118865967}