{"train/total_loss_epoch":5.185912132263184,"train/loss_hint_step":0.0036238878965377808,"train/reg_loss_epoch":1.3825489282608032,"train/cls_loss_epoch":1.6923474073410034,"hint_stage/loss_hint_epoch":0.0035862713120877743,"train/others_reg_loss_epoch":2.076920986175537,"val_minFDE1":12.095120429992676,"hint_stage/loss_hint_step":0.0036988218780606985,"epoch":5,"train/loss_hint_epoch":0.003749535186216235,"_timestamp":1.7534746792933e+09,"val_minADE1":5.306666851043701,"_runtime":3598,"train/reg_loss_step":1.2303138971328735,"_wandb":{"runtime":3598},"train/others_reg_loss_step":1.3615666627883911,"_step":93,"val/hint_loss":0.00349120213650167,"val_MR":0.6017628312110901,"val_minADE6":2.8726954460144043,"val_brier-minFDE6":6.731357097625732,"train/loss_epoch":5.151817798614502,"val/reg_loss":1.3354783058166504,"trainer/global_step":849,"lr-AdamW/pg2":0.0006000000000000001,"train/cls_loss_step":1.7054535150527954,"val_minFDE6":6.077646732330322,"lr-AdamW/pg1":0.0006000000000000001,"train/loss_step":4.29733419418335,"train/total_loss_step":4.3223958015441895}