{"lr-AdamW/pg2":0.0002,"val/hint_loss":0.0041757733561098576,"train/loss_epoch":15.03989315032959,"val_minADE1":19.336910247802734,"_runtime":403,"lr-AdamW/pg1":0.0002,"_step":6,"train/reg_loss_step":7.519644260406494,"val_MR":0.9567307829856873,"val_brier-minFDE6":37.587093353271484,"val_minFDE6":37.36393737792969,"_timestamp":1.75397648422675e+09,"train/cls_loss_step":0.7444190979003906,"train/total_loss_step":12.038782119750977,"train/loss_hint_epoch":0.008004587143659592,"val_minADE6":19.32856559753418,"train/reg_loss_epoch":9.903382301330566,"epoch":0,"train/others_reg_loss_epoch":3.8714635372161865,"trainer/global_step":156,"train/loss_hint_step":0.004195937421172857,"train/total_loss_epoch":15.732399940490723,"val/reg_loss":9.905932426452637,"train/cls_loss_epoch":1.2650470733642578,"val_minFDE1":37.37715530395508,"train/others_reg_loss_step":3.3765628337860107,"train/loss_step":11.640625953674316,"_wandb":{"runtime":403}}