{"lr-AdamW/pg1":0.0002,"val_minFDE6":37.6828498840332,"_step":6,"hint_stage/loss_hint_step":0.008598829619586468,"_wandb":{"runtime":268},"epoch":0,"val_MR":0.9615384340286255,"val_minFDE1":37.7252082824707,"_runtime":268,"hint_stage/loss_hint_epoch":0.010686689987778664,"_timestamp":1.754160030544204e+09,"val/reg_loss":9.97847843170166,"val_brier-minFDE6":38.38367462158203,"val_minADE6":19.4902286529541,"val_minADE1":19.492353439331055,"val/hint_loss":0.008469946682453156,"lr-AdamW/pg2":0.0002,"trainer/global_step":156}