{"val/hint_loss":0.002965458668768406,"hint_stage/loss_hint_step":0.003123284550383687,"val_minFDE1":37.66714859008789,"_runtime":3977,"val_minFDE6":37.58346176147461,"_step":45,"val_minADE6":19.4677791595459,"_wandb":{"runtime":3977},"trainer/global_step":0,"hint_stage/loss_hint_epoch":0.0031064506620168686,"val_brier-minFDE6":38.275230407714844,"_timestamp":1.753478146251106e+09,"val_MR":0.9601151347160339,"lr-AdamW/pg1":0.0001,"epoch":9,"lr-AdamW/pg2":0.0001,"val/reg_loss":9.969547271728516,"val_minADE1":19.470930099487305}