{"trainer/global_step":3900,"_step":153,"train/total_loss_step":44.323081970214844,"train/loss_step":4.123993873596191,"lr-AdamW/pg2":0.0007940987335200905,"_timestamp":1.753402791095616e+09,"train/others_reg_loss_step":1.3778009414672852,"lr-AdamW/pg1":0.0007940987335200905,"train/loss_kl_step":80.34788513183594,"val_brier-minFDE6":5.761430740356445,"train/loss_hint_epoch":0.011261977255344391,"train/reg_loss_epoch":1.0286165475845337,"train/reg_loss_step":1.0400750637054443,"val_minADE1":4.202170372009277,"train/cls_loss_step":1.7061179876327515,"train/others_reg_loss_epoch":1.270140290260315,"val_MR":0.6161859035491943,"val_minFDE6":5.1205153465271,"val/reg_loss":1.0384477376937866,"val_minADE6":2.346540689468384,"train/loss_hint_step":0.012058994732797146,"train/loss_kl_epoch":79.54463195800781,"val_minFDE1":10.028783798217773,"val/hint_loss":0.011377444490790367,"train/total_loss_epoch":43.82392883300781,"train/loss_epoch":4.026001930236816,"_wandb":{"runtime":22056},"_runtime":22056,"epoch":24,"train/cls_loss_epoch":1.72724449634552}