{"train/others_reg_loss_step":1.283115029335022,"lr-AdamW/pg1":2.5447270110570814e-05,"train/cls_loss_step":1.7340044975280762,"epoch":18,"_runtime":7981,"train/cls_loss_epoch":1.7276685237884521,"train/reg_loss_step":0.824970006942749,"_timestamp":1.754258949170917e+09,"val_brier-minFDE6":5.317721843719482,"lr-AdamW/pg2":2.5447270110570814e-05,"trainer/global_step":2964,"val_minADE6":2.010483503341675,"train/loss_epoch":3.7749316692352295,"val_minFDE1":9.323823928833008,"_step":116,"val_minADE1":3.698930501937866,"val_minFDE6":4.647619724273682,"val_MR":0.5164262652397156,"train/reg_loss_epoch":0.8767229914665222,"train/others_reg_loss_epoch":1.1705398559570312,"train/loss_step":3.8420896530151367,"_wandb":{"runtime":7981},"val/reg_loss":0.8817245364189148}