{"val_minFDE6":4.158583164215088,"_step":121,"train/reg_loss_epoch":0.7866284251213074,"train/others_reg_loss_epoch":1.0999324321746826,"trainer/global_step":3119,"train/cls_loss_epoch":1.7101480960845947,"val_MR":0.5036057829856873,"val_minADE1":3.4750354290008545,"lr-AdamW/pg1":2.5447270110570814e-05,"_runtime":13915,"train/loss_step":3.9609804153442383,"train/others_reg_loss_step":1.3421988487243652,"train/loss_epoch":3.5967090129852295,"lr-AdamW/pg2":2.5447270110570814e-05,"train/cls_loss_step":1.7271602153778076,"train/reg_loss_step":0.8916212320327759,"val_minADE6":1.7960232496261597,"val/reg_loss":0.779586911201477,"_timestamp":1.754224307094878e+09,"_wandb":{"runtime":13915},"epoch":19,"val_brier-minFDE6":4.8199872970581055,"val_minFDE1":8.760661125183105}