{"val_minFDE1":37.71321105957031,"val_minADE6":19.532238006591797,"val_MR":0.9607371687889099,"hint_stage/loss_hint_epoch":0.007695990614593029,"trainer/global_step":199,"val_minFDE6":37.62922668457031,"_step":7,"lr-AdamW/pg2":0.0002,"lr-AdamW/pg1":0.0002,"val/reg_loss":10.000265121459961,"_timestamp":1.7539787112934752e+09,"val_minADE1":19.532339096069336,"_runtime":317,"_wandb":{"runtime":317},"hint_stage/loss_hint_step":0.003677164437249303,"val_brier-minFDE6":38.31492614746094,"epoch":1,"val/hint_loss":0.003928763326257467}