{"train/others_reg_loss_epoch":0.7502970099449158,"train/reg_loss_epoch":0.5870325565338135,"trainer/global_step":7799,"train/cls_loss_epoch":1.6049546003341675,"train/loss_epoch":2.9422829151153564,"epoch":49,"val_minFDE1":7.696207523345947,"val/reg_loss":0.5793182849884033,"train/total_loss_epoch":2.968801736831665,"_timestamp":1.754020346802725e+09,"val_MR":0.4735576808452606,"val/hint_loss":0.00630585802718997,"train/cls_loss_step":1.6075284481048584,"_step":366,"train/loss_hint_epoch":0.006396454758942127,"_wandb":{"runtime":39439},"train/reg_loss_step":0.4844697117805481,"train/loss_hint_step":0.006334069650620222,"train/total_loss_step":2.8224635124206543,"train/others_reg_loss_step":0.7037119269371033,"hint_stage/loss_hint_step":0.006506593432277441,"lr-AdamW/pg2":2.539791800302582e-06,"hint_stage/loss_hint_epoch":0.006628325209021568,"train/loss_step":2.7957100868225098,"val_minADE1":3.032310724258423,"_runtime":39439,"lr-AdamW/pg1":2.539791800302582e-06,"val_brier-minFDE6":3.880328893661499,"val_minFDE6":3.27327299118042,"val_minADE6":1.4180667400360107}