{"val/reg_loss":9.977008819580078,"val_minFDE6":37.70507049560547,"lr-AdamW/pg1":0.0009000000000000001,"hint_stage/loss_hint_step":0.006514677312225103,"val_MR":0.9615384340286255,"val_minADE1":19.48964500427246,"_wandb":{"runtime":1961},"_step":52,"lr-AdamW/pg2":0.0009000000000000001,"val/hint_loss":0.006460322067141533,"_timestamp":1.754162086492139e+09,"_runtime":1961,"hint_stage/loss_hint_epoch":0.006543535273522139,"val_minFDE1":37.723289489746094,"val_brier-minFDE6":38.39511489868164,"epoch":8,"trainer/global_step":1399,"val_minADE6":19.487667083740234}