{"train/total_loss_step":3.4255573749542236,"_timestamp":1.754127580126744e+09,"train/others_reg_loss_step":1.2225698232650757,"train/loss_step":3.402474880218506,"_runtime":13516,"val_minFDE1":9.913212776184082,"_step":182,"val_minADE1":3.956658363342285,"lr-AdamW/pg2":2.5447270110570814e-05,"val_minADE6":2.1935336589813232,"train/reg_loss_step":0.7160240411758423,"train/loss_hint_step":0.006356474012136459,"val/hint_loss":0.006339131388813257,"_wandb":{"runtime":13516},"epoch":19,"train/cls_loss_step":1.4638807773590088,"val_brier-minFDE6":5.6887969970703125,"train/others_reg_loss_epoch":1.1867976188659668,"train/reg_loss_epoch":0.95931077003479,"train/total_loss_epoch":3.7923743724823,"hint_stage/loss_hint_step":0.006506593432277441,"trainer/global_step":3119,"train/loss_epoch":3.768746852874756,"hint_stage/loss_hint_epoch":0.006628325209021568,"val_minFDE6":5.069136619567871,"train/cls_loss_epoch":1.6226376295089722,"val_MR":0.5925480723381042,"lr-AdamW/pg1":2.5447270110570814e-05,"train/loss_hint_epoch":0.006417448166757822,"val/reg_loss":0.9734121561050415}