{"lr-AdamW/pg1":2.539791800302582e-06,"val_MR":0.5004006624221802,"_step":366,"train/cls_loss_step":1.5009815692901611,"train/reg_loss_step":0.5638144016265869,"lr-AdamW/pg2":2.539791800302582e-06,"train/others_reg_loss_epoch":0.7414833903312683,"train/cls_loss_epoch":1.5796518325805664,"_wandb":{"runtime":40159},"val_minFDE1":8.066286087036133,"val/reg_loss":0.6635492444038391,"train/others_reg_loss_step":0.697999119758606,"train/total_loss_step":2.7892422676086426,"train/total_loss_epoch":3.0248146057128906,"val_brier-minFDE6":4.318901062011719,"val_minADE6":1.5811959505081177,"train/reg_loss_epoch":0.6772547960281372,"train/loss_hint_epoch":0.005818692967295647,"hint_stage/loss_hint_step":0.005878988653421402,"train/loss_step":2.7627949714660645,"trainer/global_step":7799,"hint_stage/loss_hint_epoch":0.0059698778204619884,"val/hint_loss":0.005702972412109375,"epoch":49,"_timestamp":1.754060880919539e+09,"val_minFDE6":3.714110851287842,"val_minADE1":3.1440775394439697,"train/loss_epoch":2.9983906745910645,"train/loss_hint_step":0.005744617898017168,"_runtime":40159}