{"trainer/global_step":3119,"_timestamp":1.754157620964407e+09,"train/cls_loss_epoch":1.6476327180862427,"val_brier-minFDE6":5.661288738250732,"val_minADE6":2.1951260566711426,"train/reg_loss_epoch":0.930145263671875,"val/reg_loss":0.9732536673545837,"train/others_reg_loss_step":1.1565688848495483,"_runtime":12968,"val_minFDE6":5.02878475189209,"val/hint_loss":0.006409408524632454,"train/others_reg_loss_epoch":1.1871956586837769,"train/cls_loss_step":1.7196130752563477,"train/loss_hint_step":0.006405544001609087,"val_MR":0.5564903616905212,"val_minFDE1":9.406451225280762,"lr-AdamW/pg1":2.5447270110570814e-05,"hint_stage/loss_hint_step":0.006823461037129164,"train/loss_epoch":3.764974355697632,"train/loss_hint_epoch":0.006483714561909437,"train/total_loss_step":3.7420730590820312,"lr-AdamW/pg2":2.5447270110570814e-05,"train/loss_step":3.7420730590820312,"_step":151,"epoch":19,"train/total_loss_epoch":3.764974355697632,"_wandb":{"runtime":12968},"val_minADE1":3.79886531829834,"train/reg_loss_step":0.8658908605575562,"hint_stage/loss_hint_epoch":0.006972407456487417}