{"train/loss_epoch":3.9103119373321533,"train/others_reg_loss_epoch":1.1809884309768677,"_wandb":{"runtime":22251},"train/kd_loss_step":0.0036288443952798843,"val/reg_loss":0.963282585144043,"val_minADE6":2.173332691192627,"train/hint_loss_epoch":0.0064017679542303085,"_timestamp":1.754295266561296e+09,"train/cls_loss_epoch":1.7843602895736694,"_runtime":22251,"train/loss_step":3.9221043586730957,"hint_stage/loss_hint_epoch":0.006455440539866686,"val/hint_loss":0.006318955682218075,"hint_stage/loss_hint_step":0.006482351571321487,"val_minFDE1":9.792129516601562,"val_minADE1":3.89227032661438,"trainer/global_step":3119,"_step":182,"train/reg_loss_epoch":0.9446442723274231,"train/others_reg_loss_step":1.2980884313583374,"train/total_loss_epoch":1.9621319770812988,"train/total_loss_step":1.9681169986724854,"lr-AdamW/pg2":2.5447270110570814e-05,"train/reg_loss_step":0.8373348116874695,"val_brier-minFDE6":5.724518775939941,"val_MR":0.5657051205635071,"train/kd_loss_epoch":0.0036237710155546665,"val_minFDE6":5.032155990600586,"lr-AdamW/pg1":2.5447270110570814e-05,"train/cls_loss_step":1.786364197731018,"train/hint_loss_step":0.006340359803289175,"epoch":19}